"Tabla","Filas","Columnas","ClavePrimaria"
"VPresupuestosLin","468838","147","nLinea"
"VDatosLinDetDis","196267","48","nLinId"
"VConceptosMO","62812","6","nRegistro"
"EstructurasArticulos","61674","129","nLin"
"ArticulosPVP","58076","8","Articulo|Acabado|Tarifa"
"gaRegistroAccionBBDD","39903","13","id"
"VOpcionesHerraje","25335","6","TipoDoc|nDoc|nLinEstr|Conjunto|nOpcion"
"ArticulosCoste","24716","21","Articulo|Proveedor|Acabado"
"EstructurasDiseño","18603","81","nLin"
"ArticulosLB","17650","9","nLin"
"ConjuntosAsoc","17006","40","nLin"
"ConjuntosDescuentos","15537","6","Conjunto|Familia|GrupoPrinc|Grupo|TipoHoja"
"VDatosLinEstr","10752","47","nLinId"
"VOpciones","8150","11","TipoDoc|nDoc|nLinEstr|CodEstr|OPCgrupo|nModulo"
"VCerramientosPI","7957","7","nLinea"
"ConfigSeriesHerraje","6622","10","Serie|NombreAcc"
"VDatosDiseño","6558","223","nLinea"
"TDRegistro","6080","6","id"
"ConfigSeriesCotas","4378","3","Serie|NombreCota"
"VCerramientosLin","4103","44","nLinea"
"ConjuntosLin","3744","4","Conjunto|Componente|Familia"
"Articulos","3120","235","Codigo"
"ArticulosDatosAuxiliares","3119","95","Articulo"
"VAccesorios","3093","40","nLin"
"VPresupuestos","2335","152","Id"
"ArticulosSubFam","2250","4","Articulo|Familia|Subfamilia"
"VDespunteDetalle","2212","13","nLinea"
"ConjuntosOpcionesHerraje","1406","12","Conjunto|nOpcion"
"ConjuntosDescuentosDif","1230","6","Conjunto|GrupoPrinc|Grupo|TipoHoja|idPerAdPrinc"
"ConfigSeriesHerrajeDesc","1206","2","NombreAcc"
"TAcristalamientoLin","1098","7","nLinea"
"VDocumentosControl","1089","7","TipoDoc|nVDoc"
"ArticulosPrecioTablaPVP","1083","8","Articulo|Acabado|Tarifa|Ancho|Largo"
"ClientesObras","1037","4","nObra"
"VCerramientos","843","20","id"
"gaConfig","812","5","NombreDato"
"ArticulosCosteCalculado","748","21","Articulo|TarifaCB"
"gaGrdListaConfigCampo","740","20","idPersoUsr|Campo"
"gaGridDescConfigCampos","737","18","IDgrid|idUsuario|Campo"
"ConfigSeriesAsoc","725","40","nLin"
"ConfigSeriesApert","556","8","Serie|Apertura"
"ConjuntosCV","400","4","Conjunto|Familia|CV"
"Estructuras","394","203","Codigo"
"EstructurasDatosAuxiliares","393","60","Estructura"
"Conjuntos","383","193","Codigo"
"ConfigSeriesValorU","362","5","codPerfil1|codPerfil2"
"ArticulosPrecioTabla","361","18","Articulo|Proveedor|Acabado|Ancho|Largo"
"DiseñoConfigV2","338","2","NombreCampo"
"EstructurasSeriesAsoc","307","4","nLin"
"Permisos","305","8","Nivel|Menu"
"EstructurasOpcOpciones","298","13","Estructura|OPCnGrupo|OPCnOpcion"
"LCampos","275","33","id"
"Subfamilias","270","31","Familia|Codigo"
"ConfigMecMall","260","6","nLin"
"FamiliasComponentes","249","10","Familia|Componente"
"VMedidasDA","244","6","TipoDoc|nDoc|nLinEstr|nDA"
"EstructurasDA","198","10","Estructura|nDA"
"VCosteCodEstr","196","11","TipoDoc|nDoc|Articulo|EstructuraSN"
"VAcabadosVbles","191","5","TipoDoc|nDoc|nLinEstr|nLinEstrArt"
"AcaTonalidades","138","9","Acabado|Tonalidad"
"Acabados","138","50","Codigo"
"EstructurasOpcGrupos","132","16","Estructura|OPCnGrupo"
"VTotalFam","122","9","nLin"
"ConjuntosCatOH","120","4","Conjunto|Codigo"
"MOConceptos","116","31","Codigo|CodSerie|CodArticulo"
"MOConceptosColoc","115","12","Codigo|CodSerie|TipoColoc"
"tmpAcabados","112","3","CodImp"
"SeriesPerfiles","112","38","id"
"AcabadosCodImp","110","3","Acabado|Proveedor"
"gaFormPosicionVentana","95","8","idForm|ComputerName|usuario"
"DisForTrazos","94","23","nLin"
"ConfigSeriesOPC","94","12","Conjunto|nOpcion"
"FamiliasGrupos","93","6","Familia|Codigo"
"CPedidosLin","90","67","nLinea"
"TAcristalamiento","88","54","Codigo"
"ArticulosCodProv","85","13","Articulo|Proveedor|Acabado|AcaTonalidad|DimLargo|DimAncho"
"siiValoresCampos","78","3","NombreCampo|CodigoValor"
"ConfigSeriesApertDesc","77","3","TipoSerie|Apertura"
"SeriesAsocV2TiposHoja","76","15","id"
"VOptiArticulosLB","59","6","TipoDoc|nDoc|Articulo|Acabado|AcaTonalidad"
"FamiliasGruposAsoc","58","6","Familia|Codigo"
"Provincias","50","3","Pais|Codigo"
"ConfigSeriesTipoHojaDesc","49","3","TipoSerie|TipoHoja"
"TAcrisLstJunqLin","45","3","nLinea"
"BusquedaMemo","41","9","nLinea"
"UAvisosVersion","40","9","Id"
"gaBDcache","38","2","Tabla"
"gaConfigProdDoc","37","3",""
"Familias","32","62","Codigo"
"UConsultas","32","53","Nombre"
"FamiliasEstr","31","10","Codigo"
"ConfigSeries","30","84","Serie"
"ArticulosArtAsoc","29","37","nLinea"
"DisFormas","29","12","Codigo"
"gaGrdListaConfig","28","17","idPersoUsr"
"gaGridDescConfig","28","19","IDgrid|idUsuario"
"gaConfigUsuario","22","4","ComputerName|Usuario|NombreDato"
"EtiquetasCampos","22","6","Campo"
"TiposLetra","16","7","Impresora"
"EstructurasAC","16","12","nLin"
"ConfigSeriesCatOH","15","4","Conjunto|Codigo"
"gaRptMod","15","4","IdInforme|NombreRpt"
"SeriesNumeracion","15","13","nLinea"
"TAcrisLstJunq","13","3","Codigo"
"PoblacionesCP","12","4","Pais|Identificador"
"SeriesAsocV2AsociadoA","11","5","id|tipo"
"LListados","10","64","id"
"EstructurasLineas","9","55","IdLinea"
"ProveedoresPrecioTransf","9","8","TarifaTransformacion|Proveedor|Acabado"
"UsuariosSesiones","9","7","IdUsuarioSesion"
"Clientes","9","233","Codigo"
"CPedidos","8","80","Numero"
"ClientesFormaPago","8","12","nLinea"
"TiposIVA","8","22","Codigo"
"FamiliasCV","8","5","Familia|Componente"
"ClientesDelegaciones","7","3","nLinea"
"Proveedores","6","131","Codigo"
"FormulasDescripcion","6","9","nLinea"
"CPedVDoc","6","5","nLin"
"ArticulosProvDtoConfig","5","3","TipoDescuento"
"MOCategorias","5","3","Codigo"
"MOTiposColoc","5","5","Codigo"
"FamiliasCat","5","3","Familia|Codigo"
"PosicionVentana","5","4","id"
"VTextos","5","10","TipoDoc|nDoc"
"AgClasificacionComercial","4","10","Codigo"
"Tarifas","4","5","Codigo"
"ArticulosCliDtoConfig","4","3","TipoDescuento"
"gaNotCliPlantillas","4","7","Codigo|Idioma"
"GastosGen","4","5","id"
"ProveedoresDtoFam","3","4","Proveedor|Familia"
"SeriesDocumento","3","5","Codigo"
"UTTrelojMotivosAusencia","3","1","MotivoAusencia"
"FamiliasTarifas","2","17","Familia|Subfamilia|Acabado|Tarifa"
"ImpexDatos","2","26",""
"UTTrelojConceptos","2","3","Codigo"
"gaRptModUsr","2","4","IdInforme|NombreRpt|Usuario"
"PaisesTipos","2","2","TipoPais"
"gaRptInf","2","6","IdInforme|Usuario"
"ArticulosPrecioTablaConfiguracion","2","7","Articulo"
"ArticulosStock","2","56","Articulo|Ancho|Largo|Acabado|AcaTonalidad|Proveedor|Almacen|NumeroLote"
"FormasPago","2","22","Codigo"
"TrabajadoresTiposVacaciones","2","1","Tipo"
"EstructurasCliDtoConfig","2","3","TipoDescuento"
"ContaConfig","1","59",""
"VAlbaranes","1","196","Id"
"VAlbaranesLin","1","136","nLinea"
"TextosPresupuestos","1","3","Codigo"
"TarDinArticuloTamaños","1","2","TamañoArticulo"
"gaBusqRapidaConf","1","16",""
"ConstantesInterfaz","1","3",""
"Paises","1","16","Codigo"
"DiseñoConfig","1","247",""
"EURO","1","6",""
"gaSemaforo","1","2","nombreSem"
"Constantes","1","150","nLinea"
"NovedadesVersionControlUsr","1","2","ComputerName|UsuarioSistema"
"CobTiposRemesa","1","13","Codigo"
"UMecMaquinas","1","5","Codigo"
"Idiomas","1","6","Codigo"
"Delegaciones","1","47","Codigo"
"TarifasTransformacion","1","2","Codigo"
"UMecConfig","1","93",""
"Usuarios","1","26","Nombre"
"MOFasesEstadosFabricacion","1","2","NumeroEstado"
"TarifasDatos","1","92","Proveedor"
"Divisas","1","18","Codigo"
"RegistrosDesactivados","1","6","nLinea"
"gaEtiquetas","1","11","Codigo"
"LineasNegocio","1","2","Codigo"
"ActDatosConfig","1","4",""
"ArticulosTipos","1","12","Codigo"
"ArticulosTCbruto","1","15","Tarifa"
"ActInternet","1","7",""
"Almacenes","1","7","Codigo"
"ArticulosEstados","1","2","Estado"
"Cajas","1","11","Descripcion"
"AgTiposEntradas","1","4","Nombre"
"SeriesNSerieAut","0","2","id"
"VPedidosLinImpuestos","0","10","nVLinea|CodigoImpuesto"
"VPedidosLin","0","160","nLinea"
"VPedidosIVAResumen","0","11","nDoc|TipoIVA"
"SeriesNumeracionLotes","0","8","nLinea"
"SeriesAsocV2Filtros","0","22","nLinea"
"VPlanProdRecursosDispPedidosAsignados","0","5","nLinea"
"SeriesAsocV2FiltrosMedidas","0","8","nLinea"
"VPedTrabajadoresFabricacion","0","3","nDoc|Trabajador"
"VPlanProdRecursosDisp","0","5","Fecha|Seccion"
"siiTiposDocumentoConfig","0","11","nLinea"
"siiTiposDocumento","0","16","Codigo"
"VPedidos","0","247","Id"
"SincronizaEmpresa","0","25","Codigo"
"siiVCobrosMetalico","0","11","Cliente|Delegacion|Ejercicio"
"VPedidosAsegSeguimiento","0","6","nLinea"
"ProveedoresObservaciones","0","7","nLinea"
"SeriesTablasHerraje","0","4","Codigo"
"siiRegistroEnvios","0","14","nLinea"
"SeriesTablasHerrajeLin","0","15","nLinea"
"SeriesAsocV2Articulos","0","15","nLinea"
"RCSBRemesasLin","0","33","nLin"
"RCSBRemesas","0","14","Numero"
"RCSBRemesasPag","0","12","Numero"
"RCSBRemesasPagLin","0","33","nLin"
"VPresupuestosDtos","0","7","nLin"
"ProveedoresPrecioTransfArtAcaTon","0","10","Proveedor|TarifaTransformacion|Articulo|Acabado|Tonalidad"
"ProveedoresPrecioTransfAcaTon","0","9","TarifaTransformacion|Proveedor|Acabado|Tonalidad"
"ProveedoresTipoIVA","0","3","Proveedor|Serie"
"RCSBConfig","0","8",""
"VPresupuestosCap","0","4","nLin"
"VPrecioEspecial","0","7","TipoDoc|nDoc|Articulo|Acabado"
"VPresupuestosLinEtiq","0","44","nLinea"
"VPresupuestosIVAResumen","0","11","nDoc|TipoIVA"
"RepresentantesMensajes","0","6","IdMensaje"
"SeriesAsocV2","0","13","nLinea"
"RepresentantesProdWebAcceso","0","6","Representante|OtroRepresentante"
"RepresentantesAgZonas","0","2","Representante|AgZonaComercial"
"Representantes","0","27","Codigo"
"VPresupuestosGastos","0","4","nLinea"
"RepresentantesComCat","0","3","Representante|ComisCateg"
"ProveedoresPlazoEnt","0","4","Proveedor|Articulo|Acabado"
"VOptiConfig","0","14","TipoDoc|nDoc|Articulo|Acabado|AcaTonalidad"
"VOrdenesF","0","50","Numero"
"VOfertasPrecioIncrCompF","0","6","nOferta|Articulo|Acabado|AcaTonalidad"
"TiposDocumento","0","20","Codigo"
"VOfertasPrecioEsp","0","5","nOferta|Articulo|Acabado|AcaTonalidad"
"TarifasGuardadasLineas","0","10","Cliente|NumeroTarifa|Articulo|Acabado"
"VOrdenesFLin","0","12","nLinea"
"VPackingList","0","29","Id"
"VOrdenesFLimiteArticulos","0","2","Articulo"
"TarifasGuardadas","0","4","Cliente|NumeroTarifa"
"VOrdenesFcortes","0","10","nLinea"
"TiposVenta","0","3","Codigo"
"TiposRetencion","0","5","Codigo"
"VOfertasDtoArtCMNaca","0","5","nOferta|CadenaDeClasificacion|Acabado"
"Trabajadores","0","62","Codigo"
"tmpArticulosSeries","0","2","codArticulo|codSerie"
"VOfertasDtoEstrCMNaca","0","5","nOferta|CadenaDeClasificacion|Acabado"
"TiposImpuestoRetenido","0","3","Codigo"
"TiposIDfiscal","0","2","Codigo"
"VOfertasMuliplos","0","5","nOferta|Articulo|Acabado"
"TiposIVAarticulos","0","11","nLinea"
"VOfertasMetrajeMinimo","0","4","nOferta|Articulo|Acabado"
"VPackingListDocumentosLin","0","25","nLinea"
"VPackingListPlantillasDescripcion","0","3","Codigo"
"TarDinArticuloGruposIncrementos","0","2","GrupoIncrementos"
"TarDinArticuloTipos","0","6","TipoArticulo"
"VPackingListDocumentos","0","6","numPackingList|TipoDoc|nDoc"
"VPackingListResumenPartidaArancelaria","0","7","numPackingList|PartidaArancelaria"
"StockContenedoresHist","0","11","nLinea"
"StockContenedores","0","37","Id"
"TrabajadoresFasesObCon","0","3","Trabajador|MOFase"
"VPackingListTiposBulto","0","2","Codigo"
"VPackingListTiposMercancia","0","2","Codigo"
"TarDinIncrementoTonalidad","0","5","TipoArticulo|TamañoArticulo|AcaTonalidad"
"TarDinIncrementoGrupoIncrementos","0","5","TipoArticulo|TamañoArticulo|GrupoIncrementos"
"VPackingListCodigosIncoterm","0","2","Codigo"
"VPackingListBultos","0","15","Id"
"VPackingListBultosLin","0","9","nLinea"
"TarDinGruposAcabados","0","3","GrupoAcabados"
"TarDinClienteDescuentos","0","10","nLinea"
"TarDinClienteArticulosTipos","0","9","Cliente|TipoArticulo"
"TarDinClienteDescuentosVariacion","0","8","nLinea"
"TarDinClientePrecios","0","9","nLinea"
"TarDinClienteGruposAca","0","6","nLinea"
"ProveedoresDtoSubFam","0","5","Proveedor|Familia|Subfamilia"
"MOFases","0","68","codigo"
"WDocumentosEstados","0","2","Codigo"
"WDocumentosComplementos","0","12","IdDocumento|IdLinea|CodigoEstructura"
"MOFasesObjetivoPorHora","0","5","Fase|ArticuloObjetivo"
"WDocumentos","0","79","IdDocumento"
"WDocumentosImagenes","0","7","IdImagen"
"WebServiceRegistroSincronizacion","0","7","nLinea"
"MarcasComerciales","0","2","Codigo"
"WDocumentosTiposImagenes","0","1","Descripcion"
"WDocumentosLineas","0","134","IdLinea"
"WDocumentosLineasDetalle","0","17","IdLineaDetalle"
"WClientesFinales","0","35","IdClienteFinal"
"ObCostePrevisto","0","4","id"
"WClientesConfig","0","32","Cliente"
"VStockDisp","0","28","nLinea"
"WCategoriasAca","0","6","IdDocumento|IdLinea|Estructura|Categoria"
"ObConceptos","0","6","Codigo"
"MOSubfasesCamposUsrSQL","0","5","Fase|Subfase|NumeroCampo"
"MOSubfases","0","11","Fase|Codigo"
"WClientesFinalesDtoFamEstr","0","3","IdClienteFinal|FamiliaEstructuras"
"ObCategorias","0","6","Codigo"
"WClientesFinalesDtoFamArt","0","3","IdClienteFinal|FamiliaArticulos"
"WIncidencias","0","8","IdWIncidencia"
"WTarifaMargenFamArt","0","4","Cliente|Tarifa|FamiliaArticulos"
"WTarifaMargenFamEstr","0","4","Cliente|Tarifa|FamiliaEstructuras"
"WOpcionsSeleccionadas","0","6","IdDocumento|IdLinea|Estructura|NumeroGrupo"
"ImpuestosCompraConfig","0","15","nLinea"
"ImpuestosCompraCalculo","0","11","Impuesto"
"WTarifas","0","6","Cliente|Tarifa"
"Zonas","0","3","Codigo"
"UOptimizacionM2","0","21","nLin"
"ImpexDatosTablas","0","4","Impex|Tipo|Tabla"
"WVariables","0","4","IdDocumento|IdLinea|SimboloVariable"
"Impuestos","0","12","Codigo"
"ManufacturasAplic","0","5","nLinea"
"Manufacturas","0","15","Codigo"
"ManufacturasIncr","0","9","nLinea"
"ManufacturasLin","0","9","nLinea"
"ManufacturasIncrCliente","0","10","nLinea"
"WIncidenciasImagenes","0","6","IdImagen"
"ImpuestosVentaConfig","0","21","nLinea"
"ImpuestosTipoArticulo","0","2","Codigo"
"WMedidasDA","0","5","IdDocumento|IdLinea|Estructura|NumeroDimension"
"WLiquidacionesCobro","0","11","NumeroLiquidacion"
"WLiquidacionesCobroLineas","0","6","IdLinea"
"PlazoEntregaEstr","0","14","nLinea"
"VPryDtosMuliplos","0","6","TipoDoc|nDoc|Articulo|Acabado"
"VPryDtosMetrajeMinimo","0","5","TipoDoc|nDoc|Articulo|Acabado"
"VPryDtosCLAsInteriorizados","0","5","TipoDoc|nDoc|nLinea"
"VPryDtosDescuentoEsp","0","7","TipoDoc|nDoc|Articulo|Acabado|AcaTonalidad"
"VPryDtosPrecioEsp","0","6","TipoDoc|nDoc|Articulo|Acabado|AcaTonalidad"
"VPryDtosPrecioM2","0","8","TipoDoc|nDoc|Estructura"
"VRegistroCambios","0","12","nLinea"
"PermisosFrm","0","7","Nivel|idForm|tabName|nTab"
"PlazoEntregaArt","0","7","nLinea"
"PlantillasEMail","0","6","TipoDoc|Delegacion|Nombre"
"ProveedoresDtoCMNaca","0","5","Proveedor|CadenaDeClasificacion|Acabado"
"ProveedoresDtoCMN","0","4","Proveedor|CadenaDeClasificacion"
"VPresupuestosLinImpuestos","0","10","nVLinea|CodigoImpuesto"
"ProveedoresDtoFamAca","0","6","Proveedor|Familia|Subfamilia|Acabado"
"VPresupuestosLinHD","0","62","nLinea"
"ProveedoresDtoArt","0","5","Proveedor|Articulo|Acabado"
"ProveedoresContactos","0","7","Codigo|NumeroContacto"
"ProveedoresAutorizaAutorizadores","0","2","Proveedor|gaNotUsuarioAut"
"VPryDtosCLAs","0","5","TipoDoc|nDoc|Articulo|Acabado"
"ProveedoresDelegaciones","0","3","nLinea"
"ProveedoresCuentaPagos","0","6","Proveedor|Serie|Delegacion|TipoDocumento"
"PeriodosFiscales","0","5","Codigo"
"ObservacionesProdLinArt","0","10","nLinea"
"VRepVehiculos","0","9","Matricula"
"VRepVehiculoKm","0","4","Matricula|Fecha"
"VRepTiposGastos","0","2","Codigo"
"VRepTiposIncidencias","0","12","Codigo"
"ObservacionesProdDoc","0","6","nLinea"
"VServFases","0","3","TipoDoc|nDoc|FaseEntrega"
"ObGastos","0","14","Numero"
"Obras","0","7","Codigo"
"ObservacionesDocumentos","0","12","nLinea"
"ObrasOrigen","0","4","codObra|NumeroDoc|RevisDoc"
"VReparto","0","34","Numero"
"VRepartoGastos","0","7","IdGasto"
"VRemesas","0","17","Numero"
"PeriodosCalculoCM","0","5","Codigo"
"PartidasArancelarias","0","2","Codigo"
"VRepartoIncidencias","0","9","IdIncidencia"
"VRepRutas","0","10","Codigo"
"VRepRutasZonas","0","2","CodRuta|CodZona"
"VRepartoLinDet","0","10","nLinea"
"VRepartoLin","0","6","nLinea"
"ObservacionesProdLinEstr","0","9","nLinea"
"UtillajeArticulos","0","3","Utillaje|Articulo"
"Utillaje","0","17","Codigo"
"UtillajeInstrucciones","0","5","nLinea"
"UtillajeReparaciones","0","7","nLinea"
"UtillajeMovimientos","0","9","nLinea"
"UTallProcesoRegistro","0","24","nLinea"
"UTallLotesCorteLinDetVLin","0","3","NumeroLote|idPed|nVLinea"
"UTallLotesCorteLin","0","7","nLinea"
"UTallProceso","0","34","nLin"
"UTallProcesoDet","0","23","nLin"
"UTallProcesoCantidadArt","0","10","nLinea"
"UTTtmpRelojObra","0","6",""
"VCTEvaloresLimiteYmedios","0","11","TipoDoc|nDoc|Orientacion|CargaInt"
"VAcabadosCat","0","6","TipoDoc|nDoc|nLinEstr|CategoriaAca"
"VCPFtipos","0","4","Codigo"
"VCTEOrientaciones","0","5","TipoDoc|nDoc|Orientacion"
"UTTretribuciones","0","25","Codigo"
"UTTreloj","0","36","nLin"
"UtillajeRevisiones","0","6","nLinea"
"VDatosLinMecanizados","0","6","nLinId"
"UTTrelojResumenDia","0","13","Trabajador|Fecha"
"VDatosLinAuxiliares","0","8","nLinId"
"UTallLotesCorte","0","9","Numero"
"UTablasAuxiliaresCampos","0","8","nLinea"
"UTablasAuxiliares","0","3","NombreTabla"
"UTablasAuxiliaresEnlaces","0","8","nLinea"
"UTallCargaVALB","0","9","Numero"
"UTallCargaLineaVALB","0","6","nLin"
"VDocCosteSelProvArticulo","0","6","TipoDoc|nDoc|Articulo|Acabado|AcaTonalidad"
"USoldCodigoSoldEsp","0","3","Articulo|Tipo"
"UProduccionSecciones","0","3","codigo"
"USoldSTBcodigoAca","0","4","Acabado"
"UsuariosPermisosDelegaciones","0","6","Usuario|Delegacion"
"VDocCosteSelProvSubfamilia","0","5","TipoDoc|nDoc|Familia|Subfamilia"
"UTallCortes","0","9","TipoDoc|nDoc|CodArt|CodAca|AcaTonalidad|LargoCorte|TipoCorte"
"UTallContenedoresTipos","0","2","Codigo"
"UTallCPFincidencias","0","20","nLinea"
"UTallDocumentosAsignados","0","5","TipoDoc|NumeroDocumento|Fase"
"UTallCPFVariables","0","14","nLinea"
"UTallContenedoresLinLote","0","11","nLin"
"UTallConsumoExtra","0","14","nLin"
"UTallConfig","0","5",""
"UTallContenedores","0","19","NumeroContenedor"
"VDibujos","0","5","nLinea"
"UTallContenedoresLin","0","10","nLin"
"VActStock","0","44","nLinea"
"VCobrosLiquidacionesTarjetaCobros","0","10","nLiquidacion|VCobContador"
"VCobrosLiquidacionesTarjeta","0","29","Numero"
"VComisionesFac","0","8","nLinea"
"VComLiquidaciones","0","12","Numero"
"VComLiqMinimoBase","0","9","nLinea"
"VCobrosLiquidacionesCobros","0","10","nLiquidacion|nEfecto"
"VCPFincidenciasOrigenDoc","0","3","nIncidencia|TipoDoc|NumeroDoc"
"VCobros","0","53","contador"
"VCobrosACta","0","29","nLin"
"VCobrosLiquidaciones","0","11","Numero"
"VCobrosAnticipos","0","20",""
"VCPFcausas","0","2","Codigo"
"VCPFincidenciasAuto","0","8","nLinea"
"VCPFincidencias","0","52","Numero"
"VCPFincidenciasAccionesCorrRevisiones","0","6","nLinea"
"VCPFincidenciasAccionesCorr","0","8","nLinea"
"VCoste","0","4","TipoDoc|nDoc|Familia"
"VCompFinfoM2","0","6","TipoDoc|nDoc|nLinEstr"
"VComLiquidacionesLin","0","12","nLinea"
"VCompFpanyos","0","43","TipoDoc|nDoc|nLinEstr|nPanyo"
"VCopiaTmp","0","3","TipoDoc|nDocOrig"
"VCPFincidenciasHistorial","0","8","nLinea"
"VClienteRiesgoTmp","0","15","Cliente|Delegacion|Serie"
"VAlbaranesUTTEtiqMan","0","3","idAlbaran|idPedidoOrig"
"VAlbaranesLinImpuestos","0","10","nVLinea|CodigoImpuesto"
"VCPFmaquinasArticulos","0","4","Maquina|Articulo"
"VAutorizaCondicional","0","14","nLinea"
"VAlbTrab","0","11","Id"
"VCPFmaquinasRegistro","0","10","nLinea"
"VActStockDimensionMin","0","4","Articulo|Acabado"
"VActStockBultosFabr","0","6","nLinea"
"VCPFmaquinasRevisiones","0","6","nLinea"
"VAlbaranesIVAResumen","0","11","nDoc|TipoIVA"
"VAlbaranesEntrega","0","10","NumeroAlbaran"
"VCEnormas","0","4","TipoDoc|nDoc|idCaracteristicas"
"VCElaboratoriosDet","0","4","TipoDoc|nDoc|idCaracteristicas|CElaboratorio"
"VCPFmaquinas","0","23","Codigo"
"VCPFincidenciasOrigenLin","0","3","nIncidencia|TipoDoc|nLinea"
"VCPFincidenciasRecogidaLin","0","14","nLinea"
"VCElaboratorios","0","4","TipoDoc|nDoc|CElaboratorio"
"VBultosVDoc","0","9","nLinea"
"VBultos","0","10","TipoDoc|nDoc|NumeroBulto"
"VCargosAd","0","23","nLin"
"VCEinformes","0","4","TipoDoc|nDoc|idCaracteristicas"
"VCEcaracteristicas","0","8","TipoDoc|nDoc|idCaracteristicas|CEcaracteristica"
"VFacturasIVAResumen","0","11","nDoc|TipoIVA"
"VFacturasLin","0","132","nLinea"
"UCEcaracteristicasValorElemento","0","15","nLinea"
"UCEcaracteristicasValores","0","29","nLinea"
"VFacturasImpuestoRetenidoResumen","0","8","nDoc|TipoImpuestoRetenido"
"VFacturasLinImpuestos","0","10","nVLinea|CodigoImpuesto"
"VMargenBenef","0","4","TipoDoc|nDoc|Familia"
"VMargenMinAlarma","0","5","Tarifa|Articulo|Familia|Subfamilia"
"VManufacturas","0","22","id"
"VFacturasTBAI","0","4","nDoc"
"VIncrPrecio","0","7","nLinea"
"VEfectos","0","81","contador"
"VEfectosAgrupados","0","77","Contador"
"VDocumentosImagenes","0","9","IdImagen"
"UCEcontrolesFabricacionIncidencias","0","9","CodigoControl|CodigoIncidencia"
"VDocumentosGrupos","0","11","IdGrupo"
"VEstructurasVariables","0","9","TipoDoc|nDoc|nLinEstr|Estructura|SimboloVariable|NumeroInstancia"
"VFacRectMotivos","0","2","Codigo"
"VFacturas","0","195","Id"
"UCEcontrolesFabricacion","0","6","Codigo"
"VEstudioCTE","0","18","id"
"VEstudioCTELin","0","44","nLinea"
"UCEcaracteristicasEscalaValores","0","3","CEcaracteristica|Valor"
"TrabajadoresPrendas","0","6","nLinea"
"TrabajadoresIncidencias","0","11","nLinea"
"TrabajadoresPuestos","0","7","nLinea"
"TrabajadoresSeccionesDiasEsp","0","4","Seccion|Fecha"
"TrabajadoresSecciones","0","22","Nombre"
"TrabajadoresHorarioRotativo","0","5","Trabajador|FechaDesde|FechaHasta"
"TrabajadoresFormacion","0","12","nLinea"
"VOfertasDescuentoFamEstr","0","4","nOferta|Familia"
"VOfertasDescuentoFamArt","0","5","nOferta|Familia|Subfamilia"
"TrabajadoresHorarioExcepcion","0","4","Trabajador|FechaDesde|FechaHasta"
"TrabajadoresHorario","0","7","Trabajador|DiaSemana|ManyanaTardeMT"
"TrabGrupos","0","3","Codigo"
"VOfertas","0","9","Numero"
"VNumerosSerie","0","16","nLinea"
"UCEcaracteristicas","0","24","Codigo"
"VMargenMinAlarmaEstr","0","4","Tarifa|Estructura|Familia"
"VOfertasCLAS","0","4","nOferta|Articulo|Acabado"
"TrabajadoresSeccionesFunciones","0","2","Seccion|Nombre"
"VOfertasDescuentoEsp","0","6","nOferta|Articulo|Acabado|AcaTonalidad"
"TrabajadoresSeccionesPlanProdArtMO","0","3","nLinea"
"TrabajadoresVac","0","6","nLinea"
"TrabajadoresTiposContrato","0","1","Tipo"
"UCEcontrolesFabricacionResponsables","0","3","CodigoControl|CodigoResponsable"
"UMecNumBis","0","12","nLin"
"VDocOptimizacion","0","48","nLin"
"UMecPosManilla","0","8","nLin"
"UOptiID","0","2","id"
"UmecRotoxT","0","3","CodPerfMec|CodOp"
"UMecISO","0","8","CodOp"
"UmecConfigDesplaza","0","5","CodOp1|CodOp2"
"UmecConfigDes","0","7","TipoPerf"
"UmecConfigEliminaOp","0","2","CodOp1|CodOp2"
"UMecInvCotaPosPerf","0","4","TipoPerf|Funcion|ApertIntExt"
"VDocOptimizacionBarras","0","18","nLin"
"UOptRestosLin","0","9","id"
"UOptRestos","0","6","Numero"
"UProcedimientosDatos","0","5","Codigo"
"UProcedimientosDatosFasesRealizadas","0","13","nLinea"
"UProcedimientosDatosFases","0","10","CodigoProcedimiento|NumeroFase"
"UOptimizacionM2Restos","0","10","nLin"
"UOptimizacionBarras","0","21","nLin"
"UOptimizacion","0","58","nLIn"
"UOptimizacionBarrasNeg","0","9","nLin"
"UOptimizacionM2PiezasCortadas","0","19","nLin"
"VDocNotifica","0","11","nLinea"
"UmecConfigCerr","0","14","nLin"
"UCorteFormatosCamposUsr","0","6","nLinea"
"UCorteFormatos","0","69","Codigo"
"UCorteFormatosCorrec","0","6","nLinea"
"UCorteMultRPT","0","6","id"
"UCorteFormatosDescripcion","0","4","nLinea"
"VDocOptimizacionBarrasNeg","0","9","nLin"
"UCEcontrolesFabricacionTTMOFases","0","2","CodigoControl|CodigoFase"
"UCEcontrolesFabricacionSoluciones","0","4","CodigoControl|CodigoSolucion"
"UCEcontrolesFabricacionVariables","0","10","CodigoControl|Variable"
"UCentroHerrOperaciones","0","16","nLin"
"UCElaboratorios","0","9","Codigo"
"UMecCodOp","0","54","nLin"
"UEtiqUdTMP","0","4","nLinea"
"UMecCodOpAcabadosAplicable","0","3","nLin"
"UMecCodOpArticulosAplicable","0","3","nLin"
"UMecCodOpAD","0","15","nLin"
"UCTEtablaD1","0","9","Codigo"
"UCorteSecciones","0","3","Codigo"
"UCorteMultRPTart","0","6","id"
"UCTEtabla21","0","3","ZonaClimatica"
"UCTEtabla22UMm","0","13","ZonaClimatica|porcHdesde|porcHhasta"
"UCTEtabla22","0","13","ZonaClimatica|porcHdesde|porcHhasta"
"CDireccionesEntregaConfig","0","5","Serie|Delegacion|TipoDocumento"
"CDireccionesEntrega","0","9","IdDireccion"
"CCuentasContables","0","6","nLinea"
"CESSeriePerfilesAcabadosValidos","0","4","CodigoSerie|CodigoEstructura|Acabado|TipoAcabado"
"CESSeriePerfiles","0","6","CodigoSerie"
"CDocumentosLinEtiq","0","6","nLinea"
"CAutorizaCondicional","0","12","nLinea"
"CatGruposCliEstructurasPermitidas","0","4","GrupoClientes|CodigoEstructura"
"CatGruposClientes","0","6","Codigo"
"CatGruposCliDescripcionVidrios","0","4","GrupoClientes|ArticuloVidrio"
"CatGruposCliSubfamiliasArtPermitidas","0","5","GrupoClientes|Familia|Subfamilia"
"CatGruposCliSubcategoriasPermitidas","0","4","GrupoClientes|IdSubcategoria"
"CatGruposCliSeriesPermitidas","0","6","GrupoClientes|CodigoSerie"
"CGastos","0","75","Acreedor|Numero"
"CFormatoChequeCampos","0","15","nLinea"
"CFormatoCheque","0","13","Codigo"
"CGastosRepLineaAlbaran","0","8","Acreedor|NumeroGasto|nLineaAlbaran"
"CGastosRepAlbaranes","0","4","Acreedor|NumeroGasto|Proveedor|NumeroAlbaran"
"CGastosLin","0","13","nLinea"
"CFacturasLinImpuestos","0","10","nCLinea|CodigoImpuesto"
"CESVidrios","0","4","Articulo"
"CESSeriePerfilesVidrios","0","2","CodigoSerie|CodigoVidrio"
"CESSeriePerfilesComplementos","0","4","CodigoSerie|CodigoEstructura"
"CFacturasLin","0","39","nLinea"
"CFacturasIVAResumen","0","10","Proveedor|Numero|TipoIVA"
"CFacturas","0","94","Proveedor|Numero"
"CategoriasGastos","0","2","Codigo"
"CabecerasDocumentosTransformados","0","4","TipoDoc|Idioma"
"Boletines","0","47","Numero"
"AsegPeritos","0","14","Codigo"
"CajasMovimientos","0","29","Contador"
"CajasArqueosMovimientos","0","9","nLinea"
"CajasArqueos","0","11","Id"
"AsegGestoras","0","14","Codigo"
"AsegCompañiasModalidades","0","2","Compañia|Modalidad"
"AsegCompañiasDelegaciones","0","12","Compañia|Codigo"
"AsegCompañias","0","14","Codigo"
"AsegCorreduriasCompañias","0","2","Correduria|Compañia"
"AsegCorredurias","0","14","Codigo"
"AsegCompañiasPeritos","0","2","Compañia|Perito"
"CarrosCorteHuecos","0","8","nLin"
"CarrosCorte","0","7","Codigo"
"CanalesVentas","0","2","Codigo"
"CategoriasBultosEstr","0","10","nLinea"
"CategoriasBultosArt","0","13","nLinea"
"CategoriasBultos","0","6","Codigo"
"CalculoEtiqCorte","0","4","Familia|Articulo"
"CAlbaranes","0","65","Proveedor|Numero"
"CajasTipoMovConceptos","0","3","TipoMov|Concepto"
"CajasTipoMov","0","1","Descripcion"
"CAlbaranesLinImpuestos","0","10","nCLinea|CodigoImpuesto"
"CAlbaranesLin","0","53","nLinea"
"CAlbaranesIVAResumen","0","10","Proveedor|Numero|TipoIVA"
"ClasificacionMultiNivel","0","4","Tabla|CadenaDeClasificacion"
"ClientesGrpDtoLin","0","22","nLinea"
"ClientesGrpDtoEstrMaximo","0","6","GrupoDto|Estructura|FamiliaEstr|Tarifa"
"ClientesGrpDtoArtMaximo","0","7","GrupoDto|Articulo|Familia|Subfamilia|Tarifa"
"ClientesGrpDtoLinCMNaca","0","22","nLinea"
"ClientesGrpDtoLinCMN","0","21","nLinea"
"ClientesGrpDtoLinArt","0","22","nLinea"
"ClientesGrpDto","0","2","Codigo"
"ClientesGrpAsigTar","0","7","Codigo"
"ClientesFormatoImpresion","0","4","Cliente|TipoDoc|Serie"
"ClientesFacEcentros","0","4","Cliente"
"ClientesGrpAsigTarLinEstrNoDis","0","8","nLinea"
"ClientesGrpAsigTarLinEstr","0","9","nLinea"
"ClientesGrpAsigTarLinArt","0","11","nLinea"
"ClientesMultMetMinFam","0","6","Cliente|Familia|Subfamilia"
"ClientesMultMetMinArt","0","5","Cliente|Articulo"
"ClientesIncrGuiaCompF","0","3","Cliente|FamiliaEstr"
"ClientesObservaciones","0","7","nLinea"
"ClientesNotifica","0","7","Cliente|TipoNotificacion|MetodoNotificacion|Serie"
"ClientesNoMultMetMinFam","0","4","Cliente|Familia"
"ClientesGruposCom","0","2","Codigo"
"ClientesGrpDtoLinFE","0","14","nLinea"
"ClientesGrpDtoLinEstrCMNaca","0","14","nLinea"
"ClientesGrpDtoLinEstrCMN","0","13","nLinea"
"ClientesGrpPEspLinAcaTon","0","6","GrupoPEsp|Articulo|Acabado|AcaTonalidad"
"ClientesGrpPEspLin","0","11","GrupoPEsp|Articulo|Acabado"
"ClientesGrpPEsp","0","2","Codigo"
"ClientesEstructurasOpciones","0","5","Cliente|Estructura|OPCnGrupo|OPCnOpcion"
"ClientesCLAS","0","4","Cliente|Articulo|Acabado"
"ClientesCLAFamilia","0","4","Cliente|Familia|Subfamilia"
"ClientesBloqueoEfectosPendientes","0","7","Cliente|Serie|TipoRemesa|Delegacion"
"ClientesContactos","0","7","Codigo|NumeroContacto"
"ClientesCompFsubfamTipoMotor","0","4","Cliente|TipoMotor"
"ClientesCompFSelDef","0","25","Cliente|EstructuraCF"
"ClientesAutorizaVDocAutorizadores","0","2","Cliente|gaNotUsuarioAut"
"ClientesAgendaDoc","0","3","IdAgendaDoc"
"ClientesAgenda","0","35","IdAgenda"
"ClientesAcabadosReferencia","0","4","Cliente|Acabado"
"ClientesAsignaSerieAuto","0","4","Cliente|Serie"
"ClientesArticulosReferencia","0","9","Cliente|Articulo|Acabado|AcaTonalidad|Ancho|Largo"
"ClientesAgendaMaterial","0","8","IdAgendaMaterial"
"ClientesDtoEstrCMNaca","0","16","nLinea"
"ClientesDtoEstrCMN","0","15","nLinea"
"ClientesDtoCMNaca","0","24","nLinea"
"ClientesDtoFamArt","0","24","nLinea"
"ClientesDtoFamAcaArt","0","23","nLinea"
"ClientesDtoFam","0","16","nLinea"
"ClientesDtoCMN","0","23","nLinea"
"ClientesDiasFacturacion","0","4","nLinea"
"ClientesCuentasBancarias","0","10","Cliente|Codigo"
"ClientesCosteCalculado","0","5","Cliente|TarifaCB"
"ClientesDtoArt","0","24","nLinea"
"ClientesDirecciones","0","18","Cliente|NumeroDireccion"
"ClientesDiasPago","0","4","nLinea"
"ArticulosVentaEspCliPotAcaTon","0","9","Articulo|Acabado|AcaTonalidad|Cliente"
"ArticulosABCstock","0","10","Codigo"
"ARegularizacionesLin","0","23","nLin"
"ARegularizaciones","0","17","Numero"
"ArticulosBloqueoPVP","0","2","Articulo|Acabado"
"ArticulosAcabadosValidos","0","3","Articulo|Acabado"
"ArticulosABCstockMinTipoArt","0","6","ABCstock|TipoArt|Acabado"
"ARecuentosLin","0","10","nLin"
"AMovAlmaLin","0","21","nLin"
"AMovAlma","0","17","Numero"
"AlmacenesConfig","0","8","TipoDoc|Serie|Delegacion|TipoDocumento"
"ARecuentos","0","9","Numero"
"APickingLin","0","12","nLin"
"APicking","0","13","Numero"
"ArticulosCosteAcaTon","0","17","Articulo|Proveedor|Acabado|Tonalidad"
"ArticulosCompFmotorMandos","0","4","nLinea"
"ArticulosCompFmotorLevanta","0","6","Articulo|AltoDesde|AltoHasta|DiametroEje"
"ArticulosCosteMed","0","6","Articulo|Acabado"
"ArticulosCosteGastosConfig","0","8","nLinea"
"ArticulosCosteGastosCategorias","0","2","Nombre"
"ArticulosCompFmotorEjeCondicional","0","8","nLinea"
"ArticulosCadenaClasificacionCond","0","11","nLinea"
"ArticulosCadenaClasificacion","0","3","Articulo|Tipo"
"ArticulosBloqueoSt","0","4","Articulo|Acabado|AcaTonalidad"
"ArticulosCodMecTronAca","0","8","Articulo|Acabado"
"ArticulosCLAGrpAsTar","0","4","Articulo|GrpAsTar"
"ArticulosCLAformulaOPCsel","0","3","Articulo|Estructura"
"AgZonasComercialesCP","0","6","nLinea"
"AcreedoresDelegaciones","0","3","nLinea"
"AcreedoresCuentaPagos","0","6","Acreedor|Serie|Delegacion|TipoDocumento"
"AcreedoresContactos","0","7","Codigo|NumeroContacto"
"AgAfinidadComercial","0","4","Codigo"
"AEnsamblajeLin","0","16","nLinea"
"AEnsamblaje","0","21","Numero"
"Acreedores","0","54","Codigo"
"AcabadosGruposFoliado","0","5","codigo"
"AcabadosDependientes","0","2","Acabado|AcabadoDependiente"
"AcabadosCodProv","0","5","Acabado|AcaTonalidad|Proveedor"
"ACompruStockLin","0","10","nLinea"
"ACompruStock","0","6","Numero"
"AcabadosGruposFolPrecioArticulo","0","4","GrupoFoliado|Articulo|Acabado"
"AgMaterialMarketing","0","3","Codigo"
"AgEstados","0","5","Codigo"
"AgendaUsuarios","0","1","Nombre"
"AgZonasComerciales","0","2","Codigo"
"AgTitulos","0","1","Titulo"
"AgSatisfaccion","0","1","Nombre"
"AgendaTareas","0","1","Nombre"
"AgCampañasDetalle","0","3","CodigoCampaña|Tipo_CLI_POT|CodigoClienteOPotencial"
"AgCampañas","0","4","Codigo"
"AgAvisos","0","28","Numero"
"Agenda","0","11","nLin"
"AgenciasTransporte","0","16","Codigo"
"AgDocumentos","0","2","Nombre"
"ArticulosCosteMedPeriodo","0","8","Articulo|Acabado|Almacen|Periodo"
"ArticulosStockRecalcularLotesAsig","0","2","NumeroLote"
"ArticulosStockRecalcular","0","6","Articulo|Acabado"
"ArticulosStockMinDinHst","0","18","Almacen|Articulo|Acabado|AcaTonalidad|Fecha"
"ArticulosTCbrutoAcabados","0","2","TCbruto|Acabado"
"ArticulosStockTRes","0","4","Articulo|Acabado|AcaTonalidad"
"ArticulosStockResTransfAuto","0","9","Articulo|Acabado|AcaTonalidad|Ancho|Largo|Almacen|TipoDoc|nDoc"
"ArticulosStockMin","0","21","Almacen|Articulo|Acabado|AcaTonalidad|Ancho|Largo"
"ArticulosStockLoteHistorialUbic","0","7","nLinea"
"ArticulosStockInvent","0","51","IdInventario|Articulo|Ancho|Largo|Acabado|AcaTonalidad|Proveedor|Almacen|NumeroLote"
"ArticulosStockIdInventario","0","6","IdInventario"
"ArticulosStockLotesUltimaInfo","0","13","Almacen|NumeroLote"
"ArticulosStockLotesEtiquetasTmp","0","2","NumeroLote|NumeroEtiqueta"
"ArticulosStockLotesAsignados","0","5","NumeroLote|TipoDocumento|NumeroDocumento"
"ArticulosVentaCompF","0","12","Articulo|Acabado|EstructuraCF|TipoCargoIncr"
"ArticulosVenta","0","10","Articulo|Acabado"
"ArticulosUnidadesEmb","0","7","Articulo|CodigoUnidadEmb"
"ArticulosVentaEspCliPot","0","14","Articulo|Acabado|Cliente"
"ArticulosVentaEspAcaTon","0","10","Articulo|Acabado|AcaTonalidad|Cliente"
"ArticulosVentaEsp","0","15","Articulo|Acabado|Cliente"
"ArticulosUbicStockPosicion","0","3","Ubicacion|Posicion"
"ArticulosTiposRPT","0","2","Codigo"
"ArticulosTiposCond","0","4","Articulo|Acabado"
"ArticulosTCbrutoHistorial","0","5","nLinea"
"ArticulosUbicStock","0","2","Codigo"
"ArticulosUbicAca","0","8","nLinea"
"ArticulosTTFabricacion","0","6","Articulo|Fase|Subfase"
"ArticulosRPTaca","0","6","nLinea"
"ArticulosES","0","47","nLinea"
"ArticulosEquivalentes","0","4","ArticuloPrincipal|ArticuloEquivalente"
"ArticulosDespunteAca","0","4","Articulo|Acabado"
"ArticulosInfoWebCond","0","8","nLinea"
"ArticulosIncrPrecioProveedor","0","7","nLin"
"ArticulosIncrPrecio","0","6","nLin"
"ArticulosDespAca","0","3","Articulo|Acabado|AcaTonalidad"
"ArticulosCosteTarAcaTon","0","13","Articulo|Proveedor|Tarifa|Acabado|Tonalidad"
"ArticulosCosteTar","0","12","Articulo|Proveedor|Tarifa|Acabado"
"ArticulosCosteMedPorAlmacen","0","7","Articulo|Acabado|Almacen"
"ArticulosDApvp","0","3","Articulo|Tarifa"
"ArticulosDAcoste","0","4","Articulo|Proveedor|Acabado"
"ArticulosDAcompMargenEspecial","0","3","Articulo|Tarifa"
"ArticulosProvHabPedRepo","0","6","Articulo|Acabado|Almacen|AcaTonalidad"
"ArticulosProvHabCompra","0","5","Articulo|Delegacion|Acabado|AcaTonalidad"
"ArticulosProvHab","0","4","Articulo|Acabado|AcaTonalidad"
"ArticulosReservaStock","0","9","nLinea"
"ArticulosRecEnC","0","6","Proveedor|Familia|Subfamilia|Medidas"
"ArticulosRecEn","0","4","Familia|Subfamilia|Medidas"
"ArticulosPesoProv","0","3","Articulo|Proveedor"
"ArticulosMM","0","5","Articulo|Proveedor"
"ArticulosMargenEspecial","0","4","Articulo|Tarifa"
"ArticulosInfoWebRelacionados","0","2","ArticuloPrincipal|ArticuloRelacionado"
"ArticulosPerimetroProv","0","3","Articulo|Proveedor"
"ArticulosPartidasArancelarias","0","3","Articulo|Pais"
"ArticulosMMaca","0","5","Articulo|Acabado"
"ClientesPot","0","88","Codigo"
"EstructurasCESaperturas","0","3","Estructura|NumeroOpcionApertura"
"EstructurasCES","0","13","IdCES"
"EstructurasCatSubEstrAdd","0","5","EstructuraOriginal|SubestructuraAñadir"
"EstructurasCESPuntos","0","6","IdPunto"
"EstructurasCESPuntoItems","0","7","IdItem"
"EstructurasCESHuecosVidrio","0","5","IdHuecoVidrio"
"EstructurasCatSubcategoriasLinEstr","0","3","IdSubcategoria|Estructura"
"EstructurasCatAca","0","9","Estructura|Categoria"
"EstructurasCadenaClasificacionCond","0","12","nLinea"
"EstructurasCadenaClasificacion","0","3","Estructura|Tipo"
"EstructurasCatSubcategoriasLinArt","0","3","IdSubcategoria|Articulo"
"EstructurasCatSubcategorias","0","4","IdSubcategoria"
"EstructurasCatCategorias","0","3","IdCategoria"
"EstructurasDisAcc","0","16","nLin"
"EstructurasDimMax","0","12","IdDimensionMax"
"EstructurasDibujos","0","5","IdDibujo"
"EstructurasInfoWebCond","0","12","nLinea"
"EstructurasExcelProduccion","0","6","nLinea"
"EstructurasDocumentosProdCond","0","10","nLinea"
"EstructurasDibujoCond","0","10","nLinea"
"EstructurasCFacc","0","5","nLinea"
"EstructurasCESPuntoV2Items","0","10","IdItem"
"EstructurasCESPuntosV2","0","4","IdPunto"
"EstructurasCompactosGuias","0","4","Estructura|Guia"
"EstructurasCFLamas","0","3","Estructura|nLama"
"EstructurasCFCajones","0","6","Estructura|nCajon"
"EstructurasArtSustAca","0","5","nLin_EA|AcabadoOrig|TonalidadOrig"
"EstrToldoDescuentos","0","20","nLinea"
"EstrToldoColocacionSoporte","0","6","nLinea"
"EstrToldoColocacionMaquina","0","7","nLinea"
"EstrToldoDimensionesMax","0","14","nLinea"
"EstrToldoDibujoCond","0","11","nLinea"
"EstrToldoDespieceCond","0","39","nLinea"
"EstrToldoBrazosCantidad","0","7","nLinea"
"EstrTldCmpSubestructuras","0","9","nLinea"
"Embalajes","0","6","Codigo"
"EFacCli","0","5","nLin"
"EstrToldoBrazos","0","8","nLinea"
"EstrToldoAsocAca","0","9","nLinea"
"EstrToldoAcabadoRibete","0","8","Estructura|Lona"
"EstructurasArtAd","0","8","nLin"
"EstructurasArtAcabadoAsoc","0","5","nLin_EA|AcabadoEstr|AcaTonalidadEstr"
"EstructurasAcabadosValCond","0","10","nLinea"
"EstructurasArtMedidasIntervalos","0","12","nLinea"
"EstructurasArtIntervalosMult","0","8","nLinea"
"EstructurasArtCantidadIntervalos","0","10","nLinea"
"EstructurasAcabadosVal","0","6","Estructura|Acabado"
"EstrToldoMotor","0","12","nLinea"
"EstrToldoLineaMinima","0","15","nLinea"
"EstrToldoFaldillas","0","7","nLinea"
"EstrToldoSubfamiliasMotor","0","5","Estructura|Familia|Subfamilia"
"EstrToldoPosicionAccionamiento","0","3","Estructura|PosicionAcc"
"EstrToldoPiezasValidas","0","15","nLinea"
"EstructurasLinAcabadoAsoc","0","5","IdLinea|AcabadoEstr|AcaTonalidadEstr"
"gaGrdVistaConfigCampo","0","19","IdVista|Campo"
"gaGrdVistaConfig","0","16","IdVista"
"gaGrdListaCond","0","11","id"
"gaNotCliVEfectos","0","4","nLinea"
"gaNotCliVariablesUsuario","0","2","Variable"
"gaGridDescConfigCamposCondicional","0","13","IdCond"
"gaFormElementoBloqueado","0","7","Tabla|Id1|Id2|IdUsuarioSesion"
"gaDocVinculadosRegistro","0","9","nLinea"
"gaDocVinculados","0","23","nLinea"
"gaDocTmpEtiquetas","0","7","nLinea"
"gaEtiquetasCampos","0","18","nLinea"
"gaDocVinculadosTipos","0","8","Codigo"
"gaDocVinculadosSecciones","0","2","Nombre"
"Horarios","0","3","Codigo"
"gaRptImpresora","0","6","Report|Usuario|Destino"
"gaRptEmitirInformes","0","3","Carpeta|Report"
"IdDescripciones","0","6","TipoEl|CodigoEl|CodigoEl2|Idioma"
"Horas","0","15","id"
"HorariosLin","0","7","Horario|DiaSemana|ManyanaTardeMT"
"gaRegistroEnvioMail","0","11","nLinea"
"gaNotPush","0","11","IdNotificacion"
"gaNotEventoRpt","0","5","idEvento|Tabla"
"gaNotEvento","0","18","nLinea"
"gaRegistroAccionBBDDweb","0","10","IdRegistro"
"gaNotUsuarios","0","4","Nombre"
"gaNotRegistroEventos","0","11","nLinea"
"gaDocPermisosTipoDoc","0","7","nLinea"
"EstructurasSecciones","0","4","Estructura|Codigo"
"EstructurasPartidasArancelarias","0","3","Estructura|Pais"
"EstructurasOpcValorEscalarOpcion","0","6","nLinea"
"EstructurasVariables","0","8","Estructura|SimboloVariable"
"EstructurasTTFabricacion","0","3","Estructura|Fase|Subfase"
"EstructurasTarEstr","0","29","Estructura|CodSerie"
"EstructurasOpcCategorias","0","3","Estructura|NumeroCategoria"
"EstructurasLinMedidasIntervalos","0","12","nLinea"
"EstructurasLinIntervalosMult","0","8","nLinea"
"EstructurasLinCantidadIntervalos","0","10","nLinea"
"EstructurasMecTiposOperacion","0","2","TipoOperacion"
"EstructurasMecOperaciones","0","11","IdMecOperacion"
"EstructurasLinSustAca","0","5","IdLinea|AcabadoOrig|TonalidadOrig"
"FormasPagoEscalada","0","5","nLinea"
"ForfaitVDocConfig","0","10","nLinea"
"ForfaitCDocConfig","0","10","nLinea"
"gaDocPermisosCarpeta","0","7","nLinea"
"gaDocGruposUsrMiembros","0","2","GrupoUsr|Usuario"
"gaDocGruposUsr","0","4","Codigo"
"Festivos","0","5","nLinea"
"FabricacionArtLin","0","26","nLinea"
"FabricacionArt","0","48","Numero"
"EstructurasVariablesIntervalos","0","11","nLinea"
"FasesEntrega","0","3","codigo"
"FamiliasProv","0","2","Familia|Proveedor"
"FamiliasAcabados","0","3","Codigo"
"ediSeresTiposRemesa","0","2","TipoRemesa"
"ComisCategorias","0","13","Codigo"
"ComisCategCond","0","8","nLinea"
"COfertasLin","0","20","nLinea"
"CompFcantidadLamas","0","7","Estructura|ArticuloLama"
"CompFAsocAca","0","10","nLinea"
"CompFAcabadosValidos","0","4","nLinea"
"COfertasDtoCMNaca","0","5","nOferta|CadenaDeClasificacion|Acabado"
"CManufacturas","0","23","id"
"ClientesVAlbMovInt","0","4","Cliente"
"ClientesToldoSelDef","0","10","Cliente|Estructura"
"COfertasDescuentoFamArt","0","5","nOferta|Familia|Subfamilia"
"COfertas","0","14","Numero"
"CobCuentas","0","28","codigo"
"CompFmanoDeObra","0","25","nLinea"
"CompFLamaVinculada","0","3","Estructura|ArticuloLama"
"CompFDimMaxPanyo","0","7","Estructura|ArticuloLama"
"CompFPerfilBasculacion","0","4","Estructura|ArticuloLama"
"CompFopcsAcc","0","3","nOpc"
"CompFMotorAnchoMin","0","3","Estructura|ArticuloMotor"
"CompFDibujoCond","0","10","nLinea"
"CompFdescuentoAdCondicional","0","15","nLinea"
"CompFCompactosDef","0","24","Estructura|idCompDef"
"CompFcantidadLamasTabla","0","6","nLinea"
"CompFDespieceCond","0","40","nLinea"
"CompFdescuentoAdLama","0","3","Estructura|ArticuloLama"
"CompFdescuentoAdGuia","0","3","Estructura|ArticuloGuia"
"ClientesTipos","0","3","Codigo"
"ClientesPotDtoArt","0","24","nLinea"
"ClientesPotDirecciones","0","16","Cliente|NumeroDireccion"
"ClientesPotDiasPago","0","4","nLinea"
"ClientesPotDtoEstrCMN","0","15","nLinea"
"ClientesPotDtoCMNaca","0","24","nLinea"
"ClientesPotDtoCMN","0","23","nLinea"
"ClientesPotCuentasBancarias","0","10","Cliente|Codigo"
"ClientesPotAgendaMaterial","0","8","IdAgendaMaterial"
"ClientesPotAgendaDoc","0","3","IdAgendaDoc"
"ClientesPotAgenda","0","35","IdAgenda"
"ClientesPotContactos","0","7","Codigo|NumeroContacto"
"ClientesPotCLAS","0","4","Cliente|Articulo|Acabado"
"ClientesPotCLAFamilia","0","4","Cliente|Familia|Subfamilia"
"ClientesRiesgoDesbloqueoPuntual","0","10","nLinea"
"ClientesProdWebUsuarios","0","5","Cliente|LoginEMail"
"ClientesPrePot","0","14","IdPrepotencial"
"ClientesTipoIVA","0","3","Cliente|Serie"
"ClientesSeriesValidas","0","6","Cliente|TipoDoc"
"ClientesRiesgoSerie","0","13","Cliente|Delegacion|Serie"
"ClientesPotTipoIVA","0","3","Cliente|Serie"
"ClientesPotDtoFamAcaArt","0","23","nLinea"
"ClientesPotDtoFam","0","16","nLinea"
"ClientesPotDtoEstrCMNaca","0","16","nLinea"
"ClientesPotObservacionesVDoc","0","6","nLinea"
"ClientesPotFormaPago","0","6","nLinea"
"ClientesPotDtoFamArt","0","24","nLinea"
"CompFPerfilBasculacionPosicion","0","6","nLinea"
"CTotalDeleg","0","6","nLin"
"CRemesas","0","14","Numero"
"CPedidoStockConfigStockMinDias","0","8","Almacen|Familia|Acabado|AcaTonalidad"
"CurvasGrupoSerLin","0","3","GrupoSer|Serie|TipoPerf"
"CurvasGrupoSer","0","3","Codigo"
"CTotalFam","0","7","nLin"
"CPedidoStockConfigProvHab","0","6","Almacen|Familia|Acabado|AcaTonalidad"
"CPedidosStockCalculoNecesidadesLin","0","30","nLinea"
"CPedidosStockCalculoNecesidades","0","8","IdCalculo"
"CPedidosLinImpuestos","0","10","nCLinea|CodigoImpuesto"
"CPedidoStockConfigOrigenBrut","0","3","Almacen|Proveedor|AlmacenOrigenBrut"
"CPedidosStockPropuestaLin","0","25","nLinea"
"CPedidosStockPropuesta","0","3","IdPropuesta"
"ediSeresClienteDatos","0","7","Cliente"
"DocumentosMTipos","0","1","Descripcion"
"DocumentosM","0","4","Codigo"
"ediSeresDocumentos","0","7","nLinea"
"ediSeresDelegacionDatos","0","4","Delegacion"
"ediSeresCodigoArticulo","0","8","TipoArtEstr|Articulo|Acabado"
"DivisasHistorialCambio","0","5","nLinea"
"DelegacionesTipoDocumentoValido","0","4","Delegacion|TipoDoc|TipoDocumentoValido"
"DAincomp","0","2","Vidrio1|Vidrio2"
"CurvasPrecio","0","11","TipoCurva|GrupoSer"
"DisDiseñoBarrotillos","0","43","id"
"DescuentosVentaVariaciones","0","6","nLinea"
"Demo","0","7","frmName|ctrlName|ctrlIndex"
"CPedidosIVAResumen","0","9","Numero|TipoIVA"
"ConjuntosDescuentosGlob","0","7","Conjunto|Familia|Componente"
"ConfigSeriesOPCconfig","0","12","Conjunto|nOpcion"
"ConfigSeriesHerrajeTMP","0","12","NombreAcc|idSesion"
"ConsSesiones","0","1","idSesion"
"ConjuntosMO","0","3","nLin"
"ConjuntosGuiaSeriesAsoc","0","2","ConjuntoGuia|Serie"
"ConfigSeriesDescuentos","0","10","Serie|GrupoPrincipal|Grupo|TipoHoja"
"CompFSubfamiliasMotor","0","3","Estructura|Familia|Subfamilia"
"CompFSalidaAccionamiento","0","9","nLinea"
"CompFPiezasVal","0","20","nLinea"
"CondicionesResidencia","0","2","Codigo"
"CompFTiposMotor","0","2","Codigo"
"CompFTapasCajon","0","4","Estructura|TipoTapa|Posicion"
"CPagos","0","25","contador"
"ContaRegistroLin","0","14","nLin"
"ContaRegistro","0","6","Id"
"CPagosPendAgrupados","0","56","Contador"
"CPagosPend","0","56","contador"
"CPagosAnticipos","0","20",""
"ContaEquivalenciaSerie","0","2","SerieOrig"
"ContaCCAG","0","8","Familia|Subfamilia|Articulo|Acabado|Acreedor|Serie"
"ContaCCAC","0","9","Familia|Subfamilia|Articulo|Acabado|Proveedor|Delegacion|Serie"
"ContaCanales","0","5","nLinea"
"ContaEmpresaDestino","0","9","Delegacion|Serie"
"contaCCAVEstr","0","10","FamiliaEstr|Estructura|Acabado|SeriePerfiles|Delegacion|Serie"
"ContaCCAV","0","10","Familia|Subfamilia|Articulo|Acabado|Delegacion|Serie"
